Predicted Rent,Predicted Class
9766.689,0
11644.329,0
17468.428,0
9506.671,0
15733.136,0
6291.317,0
12470.446,0
4694.2314,0
19006.637,0
10420.552,0
27071.285,0
6594.543,0
7725.907,0
5025.114,0
25396.85,0
38832.152,0
8885.603,0
8713.378,0
11821.87,0
8234.149,0
7764.497,0
10097.049,0
4561.7817,0
15544.987,0
7346.008,0
6426.951,0
4366.698,0
6138.7896,0
8150.817,0
19475.736,0
6997.0073,0
15603.684,0
9296.228,0
9825.112,0
20225.762,0
12642.9,0
14983.97,0
6650.8057,0
17226.795,0
9323.179,0
6207.295,0
11256.897,0
4867.8965,0
8817.439,0
21897.477,0
16239.237,0
13037.151,0
11515.538,0
29469.447,0
14403.532,0
9352.112,0
9631.196,0
7709.605,0
12101.653,0
10867.769,0
6553.3633,0
5471.4175,0
5784.397,0
8461.53,0
8512.788,0
5906.897,0
30866.791,0
8852.673,0
27309.012,0
7228.347,0
8140.178,0
5593.018,0
7133.0356,0
5716.9727,0
4145.7285,0
4088.4497,0
15905.675,0
15905.675,0
7610.975,0
38486.883,0
18004.568,0
5737.7026,0
4112.1357,0
6844.7476,0
7767.056,0
16968.234,0
7567.0503,0
14665.493,0
20845.412,0
20260.686,0
8853.675,0
6632.8516,0
17896.3,0
6049.65,0
10969.276,0
18556.16,0
11582.056,0
8363.769,0
7631.5024,0
18129.635,0
4953.9097,0
22419.287,0
8879.761,0
30045.633,0
17055.807,0
29446.107,0
38226.465,0
20574.479,0
27594.47,0
5733.439,0
13344.507,0
8807.698,0
7854.6533,0
5453.8247,0
8675.851,0
5891.1577,0
18908.227,0
12875.448,0
16224.16,0
17293.197,0
4979.763,0
13950.29,0
3466.7412,0
11916.005,0
6857.6577,0
14197.5205,0
6857.6577,0
9772.362,0
9966.588,0
7838.1064,0
8084.245,0
8250.499,0
8796.407,0
4274.9614,0
4183.6323,0
8367.278,0
15050.876,0
8509.863,0
12523.353,0
11656.446,0
5097.2583,0
18562.576,0
8376.935,0
14712.916,0
19253.75,0
15371.01,0
8012.4263,0
7476.644,0
12592.065,0
21947.604,0
2391.153,0
12723.659,0
5674.7515,0
18784.943,0
13867.365,0
9515.371,0
4522.887,0
23499.566,0
15008.955,0
17965.021,0
6800.1304,0
20873.473,0
22013.865,0
4708.325,0
8972.731,0
13532.025,0
3712.7065,0
7795.0503,0
28757.725,0
15826.571,0
8125.0654,0
4968.229,0
5669.909,0
39461.645,0
5003.2656,0
13571.558,0
6616.439,0
17776.87,0
9594.861,0
10357.871,0
16438.154,0
3702.1055,0
23288.342,0
16002.257,0
7812.312,0
31336.227,0
11303.269,0
10197.0625,0
17652.072,0
16723.006,0
15868.69,0
17250.805,0
6816.4634,0
6730.437,0
15818.304,0
13763.122,0
8303.188,0
11247.538,0
4718.095,0
15579.292,0
5121.678,0
28994.182,0
10935.261,0
19974.76,0
5673.655,0
7767.3726,0
14798.149,0
8509.863,0
7402.182,0
4971.9863,0
18452.877,0
7384.333,0
5281.595,0
20246.75,0
7303.4473,0
14017.91,0
12748.647,0
13322.787,0
10157.136,0
9429.415,0
26378.14,0
7359.156,0
34535.723,0
7147.627,0
6117.3745,0
5273.178,0
4924.1265,0
19061.31,0
12936.808,0
8331.573,0
14604.3545,0
6067.4995,0
7268.774,0
15091.885,0
20092.213,0
3071.4375,0
16980.139,0
34748.434,0
19153.572,0
5507.9087,0
15148.774,0
3638.6816,0
5586.992,0
10345.502,0
4287.3047,0
11769.083,0
17079.83,0
7276.381,0
7585.796,0
14732.239,0
13448.954,0
9930.583,0
6217.526,0
2920.4258,0
6070.0044,0
11242.503,0
8410.515,0
9809.23,0
29930.396,0
8703.892,0
5273.4453,0
13293.573,0
23971.213,0
20745.129,0
6315.9956,0
39182.684,0
6789.688,0
13782.04,0
11470.431,0
5412.5444,0
32873.395,0
27707.357,0
14248.245,0
10882.472,0
10190.574,0
5268.0435,0
9210.421,0
6080.683,0
12379.399,0
70166.28,0
26893.97,0
4477.2744,0
13233.237,0
5997.2124,0
15794.797,0
6902.902,0
6107.2905,0
16895.963,0
9078.671,0
3051.0273,0
23074.33,0
11662.301,0
6818.782,0
6461.439,0
5000.9575,0
11366.687,0
19162.555,0
13644.394,0
5420.134,0
10096.225,0
10578.765,0
14750.657,0
8591.268,0
5558.788,0
27905.203,0
24333.002,0
28390.955,0
21045.355,0
11380.517,0
7369.022,0
12656.085,0
18041.377,0
8463.657,0
25108.826,0
6968.528,0
7389.106,0
7733.946,0
10205.929,0
15406.249,0
8263.427,0
24547.682,0
8089.757,0
4937.992,0
8675.199,0
4779.71,0
4948.1255,0
24074.682,0
3903.6924,0
8143.2676,0
27883.783,0
19141.328,0
8891.383,0
7207.1304,0
8787.722,0
2866.4937,0
10174.075,0
6431.208,0
19403.197,0
35776.73,0
7888.8906,0
17666.184,0
6002.275,0
14764.765,0
6181.543,0
7372.606,0
8049.7354,0
12127.575,0
8696.806,0
8302.063,0
7351.1494,0
9944.91,0
25562.453,0
9145.059,0
24927.766,0
6316.889,0
4959.771,0
10479.5205,0
6648.0874,0
6699.3306,0
18356.332,0
5084.719,0
24234.148,0
7451.3384,0
14971.274,0
10143.284,0
4532.505,0
7077.35,0
8734.952,0
5343.753,0
8786.176,0
10130.002,0
16497.877,0
17644.666,0
4706.666,0
12565.69,0
7013.491,0
15125.106,0
28994.416,0
15014.599,0
7072.1255,0
9550.643,0
6998.7925,0
4974.7964,0
8023.595,0
45015.555,0
45036.836,0
11535.965,0
5766.696,0
10115.485,0
12778.041,0
5439.428,0
5880.5493,0
11993.349,0
13830.577,0
9647.28,0
22294.254,0
13354.086,0
31418.197,0
10356.96,0
8861.029,0
5843.0503,0
24177.258,0
3911.4043,0
7912.905,0
12655.919,0
19270.58,0
15435.549,0
7018.3354,0
6675.099,0
7642.148,0
28277.008,0
5423.1284,0
35146.504,0
13168.487,0
8634.89,0
18720.932,0
6135.1655,0
23949.88,0
7402.2876,0
6825.4253,0
6509.8145,0
7511.811,0
12439.854,0
4537.947,0
6354.311,0
7178.264,0
11372.223,0
10268.306,0
8602.415,0
8252.72,0
5331.8184,0
11426.096,0
5540.2046,0
5540.2046,0
22177.092,0
5219.343,0
20275.006,0
10161.941,0
16748.256,0
22878.488,0
8612.862,0
15994.99,0
5503.637,0
6228.016,0
11799.298,0
7936.4976,0
5234.5894,0
10892.806,0
10086.099,0
8249.25,0
13119.673,0
9192.423,0
11511.878,0
5306.2007,0
4137.438,0
22594.014,0
5912.8223,0
15719.892,0
6972.2456,0
8651.36,0
7090.6235,0
9125.384,0
13532.993,0
14532.136,0
34354.957,0
12502.242,0
18865.193,0
14959.199,0
8126.107,0
7068.2876,0
18066.809,0
8304.263,0
7776.0884,0
7661.841,0
4985.0073,0
1775.6113,0
11137.112,0
10197.581,0
13599.978,0
7952.9487,0
5914.1587,0
14188.622,0
22810.076,0
21463.396,0
10051.294,0
6879.229,0
9398.724,0
9865.105,0
4845.7554,0
9981.548,0
7029.7695,0
29073.867,0
15121.867,0
12791.313,0
7416.934,0
9496.985,0
13015.544,0
20669.701,0
5668.3354,0
19254.951,0
7559.996,0
9051.612,0
17937.121,0
10193.612,0
6111.0854,0
12114.836,0
32957.457,0
12003.052,0
32412.219,0
23804.545,0
4325.906,0
5223.397,0
5169.0073,0
39746.137,0
6315.9673,0
6573.9766,0
6846.3735,0
22926.627,0
8681.553,0
22846.678,0
42782.41,0
7509.986,0
37312.67,0
6549.0576,0
11249.177,0
23801.477,0
18806.68,0
26824.318,0
24890.65,1
20118.207,1
12390.278,0
56454.29,0
28468.484,0
32673.059,1
34420.426,1
29882.379,1
49473.055,1
27079.012,1
32909.95,1
28872.166,1
22061.588,1
24266.842,0
56145.355,1
25093.234,1
21270.938,1
18000.432,1
24330.502,1
12667.38,0
28438.092,1
18572.637,1
32282.914,1
19320.262,1
42871.395,1
18979.49,0
29279.889,1
50400.793,1
39066.355,1
44026.676,1
30869.77,1
17053.064,1
49469.43,1
50199.48,1
48135.082,1
26888.025,1
23768.162,1
52091.16,1
18673.062,1
28912.49,0
23024.984,0
24780.818,1
12402.597,0
24345.555,1
49123.5,1
29215.652,1
43370.48,1
42224.562,1
27766.541,1
42852.03,1
29004.74,1
54543.074,1
59278.027,1
39978.49,1
19034.518,1
37855.527,1
61886.582,1
29128.256,1
47790.215,1
29340.334,1
61778.598,1
46604.973,1
36430.06,1
26101.822,1
23138.986,0
37395.066,1
53626.258,1
37627.02,1
46515.547,1
64132.285,1
29819.4,1
35501.4,0
28142.443,1
30941.068,1
16056.656,1
32280.115,1
70998.95,1
31753.816,1
18029.326,1
17896.44,0
42860.504,1
12833.614,0
37453.613,1
18871.309,0
33279.21,1
31648.385,1
43421.375,1
36166.715,1
14024.178,0
52820.496,1
25595.148,1
55608.074,1
24433.42,0
32299.47,1
66515.09,1
44311.496,1
66760.2,1
25183.557,1
38334.496,1
21892.38,0
22784.176,1
53237.324,1
20805.262,1
31671.49,1
16815.408,0
46210.965,1
27045.203,1
44799.715,1
49173.234,1
19075.062,0
17113.803,0
48223.902,1
28465.154,1
23857.502,1
15049.423,1
36498.49,1
45778.457,1
26892.475,1
57776.91,1
32903.367,1
14787.939,0
59847.965,1
35638.62,1
30693.826,0
15030.802,0
34073.246,1
34551.38,1
30563.416,1
15499.677,1
31991.932,1
8581.126,0
55955.605,1
24322.818,0
22182.627,0
64404.34,1
43634.582,1
20666.281,1
42998.168,1
27735.062,1
54831.613,1
38150.24,1
22264.44,1
54147.152,1
61964.234,1
32322.258,1
29498.014,0
24041.057,0
29295.664,0
35471.81,1
9332.585,0
50694.168,1
26538.213,1
32310.1,1
27235.514,0
31279.182,1
13516.885,0
42175.004,1
38658.34,1
34510.54,1
17318.486,0
27647.088,1
21813.63,1
34246.707,1
49660.426,1
34427.94,1
24093.74,1
58166.12,1
47737.652,1
17229.691,0
55617.605,1
31489.178,1
17177.014,0
17919.018,0
17809.322,1
33618.215,1
25536.176,1
36627.27,1
29558.848,0
49462.77,1
51926.965,1
18105.643,0
17674.818,1
22246.615,0
54183.56,1
41178.23,1
38720.285,1
27718.883,1
42516.645,1
38711.258,1
42475.355,1
36108.137,1
56716.426,1
11346.643,0
44080.55,1
37468.5,1
29025.625,1
51095.06,1
31424.416,1
22646.023,1
56764.598,1
39656.848,1
33476.164,1
30060.342,1
65237.176,1
42406.87,1
62264.88,1
54638.957,1
53290.94,1
31709.19,1
18616.213,1
31611.244,1
38909.824,1
42995.73,1
28127.232,1
29619.904,1
17721.068,0
17631.08,1
32874.332,1
17380.72,1
35986.812,1
15149.408,0
41602.246,1
47348.273,1
23494.516,1
27516.29,1
23135.773,0
36879.65,1
34918.38,1
29053.996,1
29795.322,1
33590.47,0
37356.883,1
7914.7725,0
55790.56,1
26119.361,1
41550.953,1
19840.943,0
47099.926,1
33475.273,1
60949.152,1
33285.973,0
27088.764,0
46476.062,1
19094.22,1
4220.9927,0
35571.902,1
35011.336,1
50625.02,1
21981.955,1
60236.832,1
21387.088,1
26038.764,0
12893.624,0
7997.0103,0
14603.175,0
58375.902,1
41938.246,1
55859.496,1
30404.88,1
20103.076,0
55000.99,1
46175.504,1
23846.754,1
43372.69,1
9891.907,0
30634.236,1
33091.523,1
25385.102,1
20911.756,1
5482.1494,0
13915.317,0
30828.979,1
27435.514,0
10660.434,0
35059.55,1
50790.01,1
34751.863,1
23953.643,1
39478.734,1
30203.998,1
34185.637,1
20174.94,0
47541.633,1
21185.078,1
30597.586,1
31772.877,1
24584.041,0
48402.168,1
45189.26,1
26373.662,1
38770.36,1
61118.3,1
43997.605,1
23308.828,1
31619.213,1
24887.402,0
46067.09,1
42762.465,1
40527.91,1
22692.244,1
22258.701,0
38344.05,1
52304.387,1
62293.566,1
43426.71,1
40803.37,1
14609.168,0
30585.758,1
16670.01,0
55870.62,1
12587.481,0
38261.457,1
22592.975,0
41039.35,1
19757.764,0
50060.965,1
58776.152,1
37521.562,1
59710.723,1
24470.822,1
34342.184,1
9033.013,0
65116.668,1
18907.752,1
53098.965,1
32587.164,1
12318.517,0
28718.594,0
54682.973,1
24243.781,1
27811.793,1
29907.084,0
16911.041,0
35206.58,0
29830.416,1
48952.13,1
13278.609,0
35584.945,1
34830.258,1
19625.428,0
29564.336,0
17170.385,0
20345.67,0
43481.504,1
56075.766,1
64068.03,1
14390.591,0
22617.662,0
61077.49,1
33021.13,1
15986.456,0
39491.67,1
40421.28,1
42963.75,1
33486.848,1
16139.559,0
44751.84,1
22160.877,1
34683.344,1
24141.268,1
29695.99,1
38707.504,1
28136.068,1
30226.86,1
18044.408,1
39801.855,1
27752.846,1
35242.96,1
25765.81,1
17546.166,1
51701.37,1
24145.947,1
57057.414,1
50695.746,1
60510.3,1
40484.473,1
13548.632,0
48594.5,1
37548.12,1
57451.01,1
27424.006,1
32954.93,1
47646.832,1
44133.242,1
36279.78,1
25087.688,1
40562.742,1
29154.273,1
16744.639,1
35769.293,1
42835.137,1
48413.027,1
49869.953,0
29114.719,1
7998.194,0
64975.855,1
28363.145,1
31059.252,1
38785.973,1
39547.055,1
38167.715,1
46126.105,1
49843.953,1
62332.13,1
48599.855,1
60813.777,1
57974.05,1
53794.4,1
35533.3,1
39001.94,1
18747.1,1
57086.066,1
25226.709,1
51737.05,1
38576.69,1
16156.04,1
46695.96,1
38931.53,1
13060.425,0
30060.459,0
51560.99,1
25841.445,1
51427.977,0
25853.252,1
24658.287,0
33740.74,1
19931.666,0
33668.88,1
40275.145,1
46995.387,1
32512.959,1
47497.8,0
31318.629,1
22860.775,1
21789.354,0
43165.2,1
41099.906,1
37518.863,1
6519.1616,0
20756.834,1
46207.88,1
57663.88,1
65849.98,1
13614.468,0
59117.348,1
54693.344,1
16451.256,0
35497.37,1
19306.76,1
7761.415,0
50857.074,1
13251.876,0
49770.902,1
60457.875,1
22602.146,0
16998.004,0
25516.248,1
42430.07,1
25504.266,1
40943.863,1
22945.744,1
51540.406,1
64363.81,1
5569.619,0
41331.816,1
67367.82,1
61141.277,1
36317.1,0
17776.951,0
44671.332,1
12965.392,0
54978.88,1
26150.291,1
22547.768,0
21336.307,0
55407.01,1
22986.906,0
28265.1,1
63263.996,1
32537.309,1
22166.15,0
23460.102,1
16919.44,0
36654.95,1
56561.223,1
27788.1,1
45498.395,1
49527.71,1
18670.979,0
38709.645,1
31563.445,1
13707.459,0
29284.625,1
37257.73,1
23220.031,1
26088.756,1
39534.027,1
50306.004,1
18555.357,0
29009.783,1
42774.39,1
23012.857,1
26959.4,1
25250.305,1
32382.031,1
21024.17,0
49891.21,1
15748.195,1
55128.184,1
20823.426,0
23775.598,1
22703.814,0
54009.996,1
20291.295,1
18696.178,0
43205.562,1
18324.35,1
34910.707,1
21930.186,1
24582.424,0
36856.24,1
52703.652,1
68806.125,1
46982.637,1
14498.891,0
31431.895,1
33619.023,1
22570.713,1
26031.184,0
46935.06,0
15360.624,0
22175.35,1
60136.613,1
47103.24,1
32064.025,1
24262.838,1
26702.773,1
32157.104,1
45037.8,1
31397.006,1
31720.768,1
19986.553,0
35453.977,1
20780.727,0
62158.42,1
17185.2,0
23420.385,0
22003.154,1
28668.488,1
32512.564,1
27554.588,0
52531.156,1
24764.01,1
53208.996,1
17222.973,0
56273.316,1
18749.018,1
54925.02,1
37153.766,1
21961.682,1
19146.322,0
27740.088,1
30853.164,1
21809.463,0
36588.285,1
46824.457,1
28954.527,1
59162.695,1
54274.957,1
51874.848,1
6487.069,0
71364.016,1
43196.3,1
21817.494,0
65083.008,1
59686.863,1
53586.652,1
38997.137,1
22783.068,1
32773.47,1
46710.1,1
12321.87,0
6405.7676,0
26440.19,1
51777.586,1
27435.213,1
29283.904,1
55130.61,1
18495.186,1
29175.252,1
43653.89,1
21942.137,0
30218.076,0
17957.145,0
50587.402,1
44702.594,1
24374.26,1
21357.717,0
47553.33,1
27264.291,0
29571.877,1
49656.49,1
61805.207,1
43056.656,1
27903.533,1
19104.225,0
11380.251,0
24723.21,0
21187.756,0
9282.626,0
61166.25,0
13735.193,0
7076.861,0
16139.648,0
25623.723,0
14679.126,0
10676.707,0
11500.243,0
32074.582,0
14886.089,0
12255.993,0
13897.581,0
14489.573,0
20674.53,0
13915.338,0
21829.764,0
16485.443,0
13659.904,0
14296.318,0
7597.448,0
33175.938,0
40531.406,0
14257.286,0
10742.869,0
13963.524,0
4844.5386,0
21350.885,0
5866.2563,0
14051.462,0
17542.863,0
18346.037,0
26099.656,0
12194.804,0
12173.412,0
32517.8,0
7030.1147,0
28464.914,0
10975.335,0
12241.589,0
7573.459,0
29935.006,0
61845.22,0
29699.584,0
9445.928,0
8453.34,0
23138.072,0
31215.28,0
13411.39,0
15442.698,0
7545.306,0
19860.908,0
16312.109,0
33804.95,0
19567.65,0
13117.935,0
5874.494,0
22329.516,0
9567.27,0
10202.379,0
21712.824,0
10316.335,0
9951.998,0
14948.434,0
10136.55,0
11247.339,0
18304.057,0
21549.553,0
11148.935,0
4076.7314,0
13136.149,0
9216.701,0
8068.237,0
10457.454,0
11825.875,0
27722.174,0
14954.358,0
31061.416,0
13595.395,0
7714.6304,0
20769.715,0
24852.162,0
15755.994,0
19736.74,0
21935.928,0
52911.48,0
7496.0503,0
20996.176,0
7964.1157,0
5410.931,0
15195.483,0
7716.1787,0
36905.863,0
12767.681,0
4076.1714,0
18023.363,0
9947.3955,0
8325.257,0
4744.4106,0
15193.999,0
13954.39,0
37790.848,0
15366.866,0
13940.452,0
10405.315,0
28341.604,0
29063.736,0
6047.019,0
17219.725,0
8765.056,0
10669.122,0
9531.454,0
16162.07,0
8711.407,0
7296.848,0
12475.071,0
14178.058,0
8369.275,0
17945.648,0
11154.948,0
19100.328,0
18598.365,0
6920.0063,0
11223.62,0
22095.11,0
13376.887,0
18781.623,0
9895.659,0
22376.262,0
13360.036,0
13288.867,0
11022.203,0
24910.38,0
7988.6743,0
14481.823,0
25377.398,0
20726.475,0
32599.125,0
9168.92,0
14826.369,0
11904.995,0
14326.22,0
19941.568,0
13972.821,0
18155.902,0
7587.4727,0
22214.22,0
8322.612,0
21183.4,0
6598.7056,0
29335.674,0
15532.635,0
12027.427,0
10476.626,0
19553.336,0
62836.21,1
6531.195,0
8187.3667,0
11637.704,0
13303.044,0
12521.802,0
11295.288,0
17021.008,0
18117.818,0
11745.353,0
48286.16,0
13824.542,0
12658.708,0
12696.958,0
15591.631,0
12243.733,0
18081.986,0
16211.428,0
10549.356,0
23013.088,0
10094.455,0
7838.435,0
35831.05,0
12603.489,0
16632.312,0
22050.65,0
21257.615,0
7040.5503,0
17868.709,0
9581.414,0
33565.832,0
21526.457,0
16680.322,0
28728.65,0
27167.312,0
12530.239,0
13324.454,0
16080.704,0
56377.906,0
41493.297,0
19472.195,0
9255.712,0
31014.871,0
10185.175,0
4978.9644,0
16468.83,0
17999.271,0
25908.182,0
17779.68,0
11394.038,0
18876.113,0
29732.412,0
34887.34,0
12261.259,0
8174.29,0
13870.167,0
21728.318,0
20777.271,0
10351.319,0
13658.388,0
10948.927,0
12347.752,0
14585.326,0
22215.13,0
22931.166,0
14364.192,0
8668.324,0
11304.077,0
7661.7607,0
13862.429,0
23424.756,0
8617.326,0
28716.51,0
11867.624,0
21228.271,0
21528.74,0
36395.707,0
6750.8784,0
14825.169,0
13518.96,0
16846.432,0
40802.426,0
11937.34,0
4726.7817,0
19678.045,0
17493.299,0
10248.604,0
14272.976,0
49951.246,0
14292.648,0
7703.3647,0
20351.078,0
11844.076,0
9802.679,0
16134.448,0
20166.084,0
13522.857,0
5374.516,0
19829.664,0
6249.396,0
26138.99,0
14005.535,0
11941.856,0
36220.637,0
14637.749,0
8699.798,0
4599.438,0
10159.822,0
12228.487,0
9073.665,0
15769.891,0
12609.376,0
10505.617,0
13115.573,0
3714.6157,0
34267.406,0
16341.386,0
28011.486,0
13579.759,0
6983.205,0
8769.245,0
15691.862,0
30623.443,0
22541.6,0
17521.916,0
26433.404,0
31959.525,0
9144.995,0
19924.244,0
17770.135,0
6097.695,0
21857.068,0
9877.975,0
8596.988,0
26351.855,0
34245.645,0
7326.395,0
9329.129,0
4504.3394,0
33166.605,0
6401.857,0
10678.297,0
13433.217,0
22552.01,0
20811.861,0
15158.458,0
12301.567,0
11537.329,0
14143.819,0
9047.351,0
24100.383,0
15362.044,0
53655.793,0
12560.661,0
10102.452,0
14058.228,0
25885.424,0
9257.279,0
11709.052,0
51979.152,0
10822.277,0
42769.652,0
13517.921,0
16830.602,0
7142.8164,0
9434.026,0
6770.7173,0
7856.5713,0
10074.045,0
7879.65,0
55909.293,0
11851.16,0
16908.53,0
31990.182,0
17630.318,0
8756.947,0
17654.684,0
12766.624,0
13354.742,0
13605.439,0
20666.705,0
42167.496,0
15174.468,0
23529.693,0
9318.122,0
9369.079,0
6605.4966,0
19649.537,0
40858.656,0
22309.979,0
27589.326,0
18445.717,0
8842.486,0
9701.399,0
25481.254,0
17476.205,0
50262.31,0
22628.346,0
5751.172,0
8692.226,0
20427.76,0
15073.528,0
17130.404,0
11579.625,0
11305.727,0
38580.535,0
15897.659,0
10946.854,0
12363.469,0
14546.535,0
10180.022,0
8357.124,0
7529.646,0
16414.678,0
45139.184,0
37182.418,0
15049.971,0
19089.635,0
18846.176,0
6546.2827,0
20766.898,0
17360.115,0
6257.1455,0
22228.713,0
18065.533,0
17584.275,0
22368.916,0
30441.152,0
6830.701,0
16789.64,0
17094.902,0
6536.9644,0
6479.3833,0
19853.408,0
12467.214,0
23491.982,0
17015.342,0
12111.765,0
10905.019,0
62572.957,0
11258.976,0
10431.083,0
24338.914,0
5995.1455,0
12151.413,0
20157.018,0
11403.303,0
9493.714,0
10893.53,0
6612.7954,0
13787.43,0
13828.107,0
11264.972,0
12643.458,0
6726.7485,0
19365.07,0
24032.56,0
22940.63,0
5663.7964,0
14579.855,0
19238.615,0
19834.926,0
29158.64,0
25168.684,0
17687.426,0
15122.335,0
6445.9453,0
8933.066,0
7949.101,0
30098.408,0
12867.5205,0
6788.7173,0
22882.018,0
7899.2646,0
21010.736,0
11304.208,0
6369.1323,0
5074.4023,0
28837.537,0
11819.284,0
15098.349,0
15638.288,0
14229.413,0
25178.924,0
11533.47,0
19145.477,0
11059.612,0
13203.609,0
15026.938,0
8536.768,0
24915.49,0
6461.41,0
8857.641,0
31792.14,0
8001.777,0
35684.742,0
32440.584,0
8568.701,0
38654.855,0
8308.133,0
5532.2495,0
9988.045,0
21212.557,0
52149.8,0
10201.846,0
10268.659,0
23224.594,0
16988.91,0
10122.709,0
5682.9287,0
24320.29,0
14017.13,0
11208.358,0
18104.85,0
6316.04,0
10701.675,0
13946.653,0
15505.562,0
55431.516,0
12190.91,0
10296.093,0
15477.315,0
13882.812,0
7514.6772,0
31646.463,0
36925.746,0
17454.064,0
15105.179,0
9991.6045,0
12044.96,0
25020.896,0
19849.713,0
17521.916,0
8422.373,0
6765.508,0
14243.716,0
14670.095,0
26262.82,0
16763.04,0
34984.902,0
21679.67,0
49049.918,0
12685.454,0
35392.227,0
29290.23,0
5660.226,0
4949.61,0
12753.276,0
11053.515,0
7726.4165,0
15569.704,0
15100.992,0
34523.113,0
30916.572,0
17700.484,0
29331.037,0
20525.428,0
10947.92,0
10611.241,0
8872.437,0
21555.084,0
31205.791,0
14314.864,0
29492.97,0
21502.104,0
11756.005,0
11192.347,0
9019.321,0
23506.447,0
22331.39,0
14634.462,0
55750.832,0
7864.077,0
21171.018,0
14259.839,0
49140.01,0
15440.718,0
18578.37,0
4027.876,0
8867.653,0
7570.031,0
14931.2295,0
4446.358,0
19392.195,0
18713.87,0
22832.473,0
9870.175,0
11933.21,0
15303.173,0
24453.074,0
8063.0024,0
10639.315,0
10526.839,0
24445.598,0
19136.48,0
44174.965,0
34916.55,0
25273.373,0
19224.479,0
16401.379,0
30028.67,0
8034.54,0
10012.157,0
10273.438,0
8054.069,0
11222.964,0
9367.413,0
12127.503,0
27898.174,0
13580.169,0
20844.693,0
49410.043,0
17611.764,0
17299.244,0
17372.38,0
5731.217,0
12726.812,0
29431.1,0
20560.908,0
5345.71,0
14029.175,0
8659.44,0
19070.744,0
26710.32,0
7856.7666,0
7700.898,0
11975.576,0
7510.686,0
48044.605,0
17264.55,0
14027.61,0
18653.541,0
5527.645,0
10664.853,0
9324.022,0
31739.357,0
9157.481,0
8050.7603,0
27260.682,0
38209.117,0
8155.163,0
9895.659,0
10554.435,0
20592.074,0
62890.566,0
11687.813,0
10174.19,0
13751.57,0
16198.386,0
11796.259,0
24961.064,0
11588.222,0
20393.357,0
9573.819,0
8933.968,0
13844.698,0
17481.182,0
22727.873,0
13340.969,0
7679.395,0
5412.651,0
22358.94,0
25879.506,0
9103.202,0
12832.038,0
8025.7026,0
7547.558,0
9099.217,0
15820.371,0
28680.637,0
17297.861,0
11703.426,0
15250.47,0
15856.962,0
36213.035,0
16922.271,0
13027.958,0
23790.582,0
16368.491,0
11801.614,0
9263.464,0
32064.541,0
13762.43,0
12279.866,0
22247.994,0
11686.993,0
15826.024,0
23100.252,0
10370.218,0
12585.341,0
13307.503,0
13116.085,0
5612.096,0
18097.053,0
33408.637,0
24766.725,0
15417.336,0
6033.8657,0
35678.848,0
11311.595,0
20658.596,0
8686.704,0
15171.537,0
8760.839,0
8507.002,0
14533.289,0
26773.396,0
12832.813,0
20994.57,0
20266.232,0
20910.367,0
34444.66,0
12974.82,0
36320.52,0
11493.097,0
12628.226,0
6417.945,0
34095.145,0
27399.986,0
14155.104,0
17865.578,0
6602.562,0
8596.011,0
18397.186,0
16595.428,0
16429.889,0
16353.02,0
11657.16,0
23920.791,0
31093.467,0
60234.555,0
15764.473,0
13276.993,0
9942.3955,0
26805.639,0
10255.56,0
44912.996,0
10400.093,0
10325.021,0
27989.955,0
10312.937,0
6358.2163,0
14847.241,0
20775.771,0
28505.902,0
9054.723,0
4961.661,0
48549.715,0
11689.438,0
10290.66,0
7549.8022,0
10154.121,0
8899.618,0
15017.275,0
17673.621,0
15612.298,0
28884.297,0
13969.505,0
7273.3794,0
13807.509,0
13199.56,0
13463.966,0
4821.844,0
17186.758,0
8895.309,0
11558.323,0
30264.574,0
12115.022,0
22533.668,0
5331.054,0
16083.083,0
4223.617,0
10351.319,0
18122.799,0
34962.973,0
7608.249,0
11277.999,0
9739.323,0
29831.08,0
14404.642,0
14644.856,0
8255.493,0
6310.877,0
7398.684,0
8865.713,0
9906.755,0
11936.7,0
5950.6914,0
56460.953,0
5708.4565,0
24396.69,0
13169.595,0
7496.1753,0
7576.987,0
22015.262,0
7924.893,0
19457.61,0
11372.049,0
41750.082,0
19565.9,0
9721.663,0
6126.901,0
16380.761,0
15823.684,0
14143.819,0
20265.818,0
8436.968,0
4097.264,0
5791.65,0
22506.795,0
9206.817,0
9662.364,0
22204.184,0
27252.967,0
20399.256,0
10966.294,0
16145.935,0
14005.536,0
15605.213,0
12713.187,0
55531.195,0
41978.324,0
12391.69,0
14084.151,0
8017.772,0
11172.217,0
16851.473,0
11730.747,0
33169.215,0
25959.658,0
14056.661,0
17809.678,0
5757.3228,0
16280.579,0
11113.882,0
21960.32,0
56730.465,0
5146.7534,0
4398.5767,0
14341.085,0
17173.545,0
12686.739,0
8146.0283,0
18322.305,0
35414.324,0
24507.705,0
8424.872,0
13005.714,0
17747.818,0
4838.3594,0
9732.724,0
45593.74,0
21962.775,0
10255.94,0
24149.053,0
54064.766,0
18439.127,0
13211.956,0
30009.453,0
13870.433,0
13579.778,0
29868.666,0
10273.509,0
7386.166,0
4865.6587,0
7867.4546,0
23920.791,0
21195.28,0
17988.873,0
15834.961,0
24714.37,0
25434.72,0
15057.771,0
4892.698,0
6160.94,0
14963.281,0
11192.902,0
19289.908,0
34762.746,0
29400.443,0
22054.986,0
14288.016,0
8461.558,0
7394.686,0
15126.149,0
65484.094,0
29458.037,0
25010.049,0
11370.316,0
7342.6753,0
13795.175,0
18661.027,0
15353.614,0
18685.506,0
9034.223,0
20356.012,0
67881.59,0
18620.004,0
36863.625,0
10683.829,0
25521.775,0
10176.563,0
21404.273,0
10927.5205,0
11372.591,0
18148.492,0
11949.023,0
9519.274,0
66523.836,0
15380.589,0
15351.69,0
12149.441,0
8375.55,0
13904.2295,0
14959.987,0
24882.998,0
10739.202,0
24270.42,0
8481.616,0
8128.537,0
13655.327,0
20489.06,0
8912.231,0
8338.027,0
50334.2,0
11592.542,0
13033.6455,0
14344.212,0
13568.233,0
14533.033,0
16565.207,0
6924.203,0
26643.146,0
17332.488,0
11107.636,0
19648.537,0
55132.02,0
19826.203,0
33349.668,0
29740.596,0
18715.146,0
35098.645,0
11567.651,0
10507.21,0
24334.742,0
24518.064,0
9899.923,0
15051.023,0
4482.71,0
30161.404,0
11553.167,0
18306.105,0
5536.0776,0
38085.77,0
17907.477,0
22388.81,0
30746.135,0
13119.278,0
6096.065,0
21895.46,0
12128.364,0
19174.115,0
22609.844,0
5466.192,0
20813.447,0
15036.175,0
15684.571,0
36941.605,0
12152.282,0
13846.7,0
15570.414,0
34969.83,0
8542.965,0
46195.836,0
7469.765,0
14162.607,0
8870.198,0
13052.341,0
11626.964,0
14056.507,0
33494.176,0
8912.231,0
15492.178,0
23419.229,0
7803.2603,0
31753.266,0
10476.861,0
6265.0425,0
17323.596,0
9041.393,0
17695.334,0
9500.294,0
8698.19,0
33882.387,0
26022.018,0
5929.0664,0
13724.394,0
13178.665,0
9514.296,0
12976.1455,0
6491.724,0
26715.338,0
9449.863,0
23299.744,0
9141.048,0
11904.516,0
12576.507,0
17323.596,0
19838.137,0
29372.873,0
36181.59,0
14285.851,0
29664.64,0
13014.584,0
32311.355,0
11611.901,0
20608.312,0
7363.734,0
14384.913,0
18519.568,0
30578.451,0
20126.545,0
14926.108,0
29455.273,0
44464.875,0
18838.646,0
11035.622,0
12756.399,0
11791.368,0
10903.591,0
9256.805,0
17693.963,0
15338.522,0
14908.712,0
28418.795,0
32591.553,0
11914.597,0
13014.584,0
18952.729,0
10500.276,0
13119.899,0
14312.0625,0
39410.13,0
5456.265,0
47212.582,0
38060.926,0
11945.429,0
44558.723,0
19873.775,0
10306.351,0
4819.8774,0
5387.3335,0
13468.683,0
14456.2705,0
6924.067,0
6722.98,0
17625.814,0
9320.181,0
9717.835,0
25957.99,0
13288.565,0
10121.378,0
10927.305,0
14084.528,0
18519.219,0
22703.455,0
9799.168,0
58562.53,0
11742.558,0
17794.666,0
19254.986,0
42023.008,0
7646.873,0
7646.873,0
8871.456,0
24514.316,0
10735.067,0
22490.479,0
26091.947,0
18245.762,0
20881.408,0
20888.65,0
13129.642,0
13560.559,0
31673.03,0
3829.973,0
21269.342,0
35412.8,0
18481.846,0
18041.264,0
21996.53,0
19079.064,0
10877.501,0
11973.13,0
29856.299,0
60916.406,0
25393.672,0
50991.887,0
32278.213,0
35256.918,0
26079.12,0
9388.177,0
17013.22,0
33607.01,0
24766.248,0
39687.52,1
20231.93,0
44019.816,0
13947.12,0
9111.452,0
10278.447,0
8637.108,0
23419.584,0
15146.984,0
5927.2163,0
10093.53,0
14614.11,0
7056.8354,0
7858.5376,0
7753.6206,0
16648.146,0
20740.865,0
5781.6865,0
6492.4883,0
22487.984,0
40449.434,0
17673.057,0
4048.6582,0
13384.549,0
21710.03,0
41696.7,0
13667.378,0
11210.888,0
9421.635,0
10638.525,0
6663.4263,0
7628.2817,0
18432.865,0
38373.645,0
9382.065,0
16688.951,0
6749.753,0
12044.753,0
54631.95,1
17349.37,0
16261.426,0
8442.24,0
4453.1235,0
26531.451,0
28649.607,0
41938.484,0
42229.76,1
39077.68,1
38540.973,0
39687.52,1
40684.266,0
35381.348,0
19659.588,0
8141.492,0
10748.81,0
14316.155,0
50611.95,0
16061.876,0
19979.104,0
27662.672,0
4766.7983,0
30946.488,0
28649.607,0
9600.745,0
13714.366,0
15972.254,0
30631.492,0
27809.111,0
50010.31,0
13037.144,0
14900.3,0
11623.001,0
17714.662,0
26224.682,0
25267.139,0
35315.406,0
9664.544,0
13563.903,0
48329.95,0
16769.896,0
14571.69,0
7117.2935,0
8969.711,0
15138.212,0
25631.463,0
13193.421,0
39881.312,0
28505.166,0
3899.9993,0
9755.189,0
7646.873,0
15963.848,0
17330.799,0
8505.632,0
15497.724,0
19287.486,0
11144.249,0
4959.8564,0
14564.462,0
17015.37,0
7545.0786,0
14609.579,0
9970.773,0
23240.756,0
9445.212,0
46974.773,0
17348.479,0
9522.638,0
13086.22,0
15557.845,0
9343.356,0
12723.22,0
12824.236,0
9976.261,0
12310.288,0
38920.01,0
18963.705,0
9485.005,0
8741.875,0
34517.34,0
12485.38,0
7000.152,0
35778.12,1
43970.09,0
27897.613,0
44213.2,0
10243.528,0
18244.846,0
29857.803,0
15110.018,0
29078.018,0
9571.813,0
10927.5205,0
5471.98,0
11009.699,0
4399.286,0
61666.734,0
18222.42,0
12539.266,0
15237.511,0
11019.935,0
22312.691,0
50361.43,0
5733.7495,0
31191.305,1
16298.12,0
29036.549,0
9769.228,0
15647.238,0
38213.145,1
14908.712,0
21276.066,0
14057.519,0
22586.057,0
17917.049,0
19914.791,0
19645.723,0
13176.0205,0
6202.444,0
25668.484,0
25553.146,0
33291.395,0
21498.998,0
13633.474,0
16638.234,0
9555.173,0
21318.416,0
17693.963,0
23369.426,0
13077.421,0
28411.205,0
29462.78,0
14226.088,0
6806.946,0
20911.42,0
9858.757,0
9307.847,0
9763.81,0
15797.858,0
33678.64,0
12240.423,0
13756.913,0
22414.309,0
4377.119,0
12132.47,0
8018.7153,0
10077.374,0
15345.155,0
12777.614,0
29842.477,1
9919.059,0
15477.172,0
12477.243,0
16079.491,0
34488.62,0
27787.283,0
36388.543,0
33565.4,0
50600.637,0
10916.989,0
15706.788,0
18738.996,0
10271.5205,0
7159.3604,0
18781.22,0
16468.99,0
19733.197,0
10927.5205,0
20496.033,0
11601.831,0
41434.223,0
11729.052,0
24360.68,0
10039.687,0
22014.463,0
19376.291,0
24643.57,0
18403.158,0
25772.469,0
14865.445,0
23191.377,0
35677.49,0
12315.052,0
17876.834,0
9738.837,0
9784.098,0
23016.465,0
22240.611,0
5704.5947,0
38774.746,0
16243.189,0
17529.596,0
18289.908,0
5468.6245,0
31834.672,1
12326.342,0
23496.275,0
25756.613,0
19351.238,0
17690.416,0
21935.416,0
17447.396,0
15661.457,0
15646.938,0
17707.291,0
10066.107,0
16816.523,1
22744.717,0
28600.363,0
6692.5674,0
29637.19,0
13978.737,0
16538.74,0
18900.88,0
21333.967,0
8901.507,0
9922.091,0
17038.281,1
14703.902,0
20907.543,0
54424.645,0
18689.143,0
22971.9,0
21334.988,0
25024.482,0
11846.441,0
9942.048,0
11985.893,0
14172.049,0
22014.463,0
29596.951,1
3536.158,0
11452.843,0
29052.441,0
39563.52,0
7388.6543,0
38381.316,1
12245.288,0
38723.105,1
11110.721,0
41755.117,0
12908.163,0
14344.212,0
18439.62,0
20393.1,0
39449.31,0
11302.161,0
7363.9614,0
36177.098,0
5478.943,0
5754.2837,0
32326.021,0
50000.76,0
14415.897,0
7483.519,0
21284.412,0
17038.28,1
13164.996,0
13277.89,0
10187.87,0
37880.2,0
24763.178,0
21409.15,0
26302.309,0
10404.638,0
34625.41,0
25920.81,0
7544.3403,0
7953.853,0
4568.8286,0
14109.295,0
19687.416,0
20946.738,0
8142.797,0
46571.832,0
32874.633,0
8911.087,0
11922.329,0
50646.113,0
12990.164,0
24534.904,0
13315.852,0
26171.988,0
23764.03,0
17283.836,0
13954.941,0
7875.016,0
16358.547,0
12948.132,0
9493.216,0
9388.014,0
23353.51,0
10829.24,0
10814.661,0
28704.965,0
10429.212,0
17433.04,0
24857.695,0
10814.661,0
16270.12,0
7440.666,0
10646.679,0
15698.877,0
10278.622,0
39801.34,0
23949.844,0
10376.175,0
23374.56,0
28174.33,0
25294.549,0
26817.727,0
10093.218,0
19493.252,0
6006.8833,0
17983.15,0
20300.691,0
9483.785,0
8501.479,0
13858.063,0
11933.347,0
19624.857,0
14758.675,0
44096.918,1
5608.431,0
18285.031,0
10152.739,0
16834.879,0
41660.992,0
15893.427,0
18350.021,0
20894.834,0
7614.5586,0
6663.011,0
11531.458,0
8048.4453,0
6919.9556,0
14104.173,0
27292.576,0
8046.368,0
4755.4277,0
22047.525,0
6726.729,0
9209.38,0
10201.903,0
14773.33,0
10059.011,0
11649.226,0
33118.254,0
34624.637,0
33886.453,0
21569.621,0
12938.728,0
13805.126,0
9476.175,0
16475.682,0
16151.884,0
34419.73,0
42329.863,0
20811.984,0
11824.287,0
27558.408,0
9797.052,0
19267.625,0
35154.895,0
9936.15,0
28417.775,0
19122.725,0
15141.448,0
15608.978,0
21154.756,0
31952.154,0
8920.151,0
15865.21,0
5210.648,0
18968.94,0
5676.185,0
7056.431,0
12731.22,0
27599.518,0
8055.3433,0
31751.83,0
10976.874,0
40822.223,0
16220.8,0
13101.392,0
36147.387,0
13899.116,0
13362.499,0
14700.882,0
21251.166,0
12864.769,0
18091.533,0
6311.2744,0
23529.9,0
16101.0,0
9935.762,0
23339.12,0
11395.6455,0
13113.012,0
13498.696,0
21920.51,0
20833.826,0
16673.877,0
8073.5854,0
30572.432,0
27809.646,0
9220.688,0
20456.154,0
9284.784,0
8922.426,0
14716.698,0
11762.893,0
21898.92,0
13973.709,0
8025.436,0
19280.217,0
6999.722,0
11831.29,0
13840.802,0
54799.605,0
47279.59,0
13728.2295,0
16706.229,0
22029.771,0
17861.814,0
15033.516,0
9908.802,0
6209.6665,0
21285.914,0
37432.57,0
10567.789,0
16326.238,0
40974.77,0
8194.094,0
25039.994,0
12178.9795,0
7065.063,0
11197.67,0
13852.128,0
12584.318,0
22067.72,0
14136.765,0
19873.506,0
10655.052,0
13916.339,0
19408.152,0
10439.884,0
9256.097,0
7912.3354,0
10627.634,0
30596.814,0
33425.793,0
8833.917,0
19792.475,0
17176.166,0
5340.278,0
18357.646,0
30448.145,0
10881.302,0
33655.137,0
12705.319,0
10690.136,0
18650.652,0
18878.885,0
15211.301,0
5888.146,0
10277.124,0
11704.007,0
16896.344,0
20471.549,0
9160.332,0
16421.6,0
7207.4946,0
16329.782,0
15684.789,0
10093.0625,0
8647.569,0
19463.059,0
9888.601,0
27685.08,0
16906.932,0
13617.12,0
9359.024,0
27718.068,0
12435.339,0
10846.051,0
11481.06,0
7200.9795,0
19464.709,0
7043.9907,0
7473.2036,0
9631.013,0
11616.423,0
31091.73,0
5766.22,0
19159.096,0
6243.357,0
10190.823,0
11146.622,0
15062.054,0
20046.047,0
9565.461,0
13324.053,0
14549.019,0
14223.803,0
18528.787,0
15104.478,0
16305.894,0
10439.884,0
9599.198,0
9026.727,0
11078.012,0
49245.2,0
48232.895,0
10488.869,0
11905.583,0
22858.01,0
16415.541,0
15279.358,0
12729.24,0
11749.237,0
6652.9614,0
3269.6597,0
11411.36,0
6155.231,0
21106.191,0
14788.567,0
7519.289,0
19430.037,0
18424.254,0
15112.953,0
10957.064,0
61766.926,0
26092.37,0
12167.888,0
8781.134,0
38074.293,0
31666.016,0
12534.661,0
34072.95,0
10524.63,0
12628.144,0
10701.68,0
20374.963,0
6676.5405,0
6585.356,0
7677.5425,0
4854.028,0
21475.424,0
9941.237,0
21932.14,0
16716.445,0
28899.363,0
8586.626,0
17195.283,0
16266.728,0
9220.543,0
13356.491,0
16758.744,0
17150.818,0
9552.243,0
13324.5205,0
13893.819,0
10479.052,0
30801.77,0
11047.569,0
10758.499,0
20851.408,0
19555.463,0
23987.1,0
11337.819,0
6198.024,0
29308.264,0
12303.514,0
32569.871,0
31883.252,0
8423.608,0
14036.083,0
23442.682,0
15003.218,0
10509.846,0
34298.223,0
11050.568,0
4281.5884,0
17996.203,0
15324.382,0
21824.564,0
6243.2183,0
41657.805,0
7993.972,0
18583.81,0
17963.342,0
13402.461,0
10879.647,0
10037.748,0
12785.001,0
31687.072,0
14774.771,0
8626.798,0
13577.343,0
43356.355,0
60250.742,0
9622.71,0
13950.179,0
30948.025,0
11694.86,0
27266.217,0
10989.763,0
9999.524,0
12670.64,0
17126.54,0
14303.106,0
15153.689,0
11140.741,0
5953.915,0
28613.324,0
9016.935,0
19173.373,0
9987.2705,0
43654.79,0
21553.025,0
6292.025,0
6759.326,0
32755.002,0
21155.943,0
13820.601,0
17239.654,0
21706.7,0
10532.065,0
22386.281,0
19529.205,0
8618.065,0
12060.039,0
12138.728,0
28621.889,0
9481.296,0
12001.887,0
31300.719,0
29994.314,0
11621.7295,0
7710.0933,0
13847.235,0
24289.432,0
9943.638,0
15591.802,0
11539.328,0
39342.977,0
33750.176,0
15727.04,0
16967.283,0
15770.118,0
19327.723,0
8613.457,0
6384.949,0
43623.41,0
13620.647,0
19936.174,0
15920.903,0
26151.24,0
20426.709,0
25007.262,0
13300.1045,0
12034.687,0
14636.184,0
8399.35,0
9570.519,0
7902.538,0
23979.021,0
11459.7,0
15504.23,0
13849.476,0
13406.255,0
16299.253,0
6057.6675,0
10128.423,0
3500.2822,0
10239.165,0
15686.623,0
19585.682,0
34860.844,0
14032.179,0
6676.158,0
25779.373,0
19939.104,0
7076.9126,0
12012.407,0
19444.584,0
17516.936,0
9017.429,0
16874.162,0
15946.228,0
5902.179,0
16058.915,0
15245.75,0
7569.483,0
8297.434,0
22419.78,0
24334.611,0
11048.433,0
25235.932,0
16564.924,0
7556.894,0
10471.2,0
16220.8,0
18552.72,0
7669.754,0
9065.497,0
18115.836,0
10024.481,0
43491.902,0
11192.861,0
7778.765,0
11381.171,0
7159.356,0
20843.736,0
13327.13,0
27073.975,0
30126.205,0
11597.047,0
17242.322,0
9648.464,0
12675.105,0
47016.164,0
10243.194,0
6346.466,0
10324.749,0
7158.4956,0
13022.855,0
8623.2,0
16329.732,0
10658.06,0
24261.668,0
23388.361,0
28872.498,0
12375.867,0
21683.846,0
9835.702,0
10665.208,0
19204.61,0
13685.091,0
6924.7036,0
11688.453,0
14830.747,0
15888.394,0
36602.63,0
16981.756,0
19759.791,0
21143.064,0
15968.109,0
20617.326,0
21174.479,0
6708.6406,0
17214.342,0
18683.064,0
39834.86,0
6252.071,0
47437.582,0
5005.5674,0
28738.918,0
17069.107,0
14635.944,0
3338.9526,0
24355.969,0
29854.004,0
59805.277,0
20192.582,0
10498.618,0
9934.542,0
19310.725,0
25819.822,0
15888.098,0
12189.712,0
8146.268,0
17060.729,0
11952.006,0
11685.592,0
18553.213,0
21320.666,0
29998.979,0
22684.408,0
10974.294,0
12948.208,0
13007.014,0
12574.964,0
39655.9,0
26978.867,0
8252.694,0
5815.4604,0
25201.97,0
21370.988,0
15590.156,0
7679.97,0
13977.336,0
13551.731,0
58102.656,0
18055.004,0
9396.284,0
25479.404,0
14417.508,0
10619.847,0
7371.2715,0
14961.165,0
20045.186,0
36044.184,0
6738.014,0
13053.124,0
14488.2705,0
5833.864,0
7438.2017,0
45323.605,0
7536.193,0
9452.396,0
35585.85,0
18160.01,0
22540.846,0
14323.21,0
8394.933,0
10115.964,0
7503.6055,0
32822.082,0
14658.235,0
31752.582,0
13304.052,0
20869.52,0
13202.033,0
10523.527,0
47459.996,0
10336.206,0
9739.071,0
23763.283,0
32192.771,0
10943.395,0
17749.205,0
10259.778,0
12390.587,0
17979.998,0
11431.563,0
27258.271,0
7825.145,0
17344.906,0
12149.902,0
29148.135,0
9328.493,0
10002.224,0
9209.269,0
12899.839,0
10324.212,0
24239.404,0
5867.811,0
18042.367,0
17444.195,0
11984.152,0
11987.935,0
18171.207,0
24133.346,0
7656.5645,0
18279.396,0
12897.124,0
8169.6807,0
13421.892,0
20540.068,0
11810.8545,0
15197.737,0
23412.688,0
34270.86,0
8042.7407,0
21456.768,0
17359.6,0
7113.6333,0
9142.222,0
77717.06,0
7511.1455,0
17758.877,0
17278.793,0
18547.287,0
5468.605,0
11775.405,0
15319.311,0
12986.335,0
19816.748,0
9270.157,0
7167.703,0
17849.924,0
16684.543,0
6635.8853,0
22647.688,0
3350.0552,0
18636.47,0
12489.085,0
6848.5005,0
7468.388,0
11350.923,0
24728.201,0
14985.328,0
24447.258,0
9237.0205,0
18315.287,0
9652.176,0
7320.147,0
38511.617,0
17381.78,0
10676.144,0
18674.826,0
3870.1646,0
13199.872,0
26057.787,0
10952.22,0
12110.124,0
22452.17,0
7069.1704,0
21856.115,0
29996.682,0
15558.713,0
12914.356,0
34759.17,0
17364.338,0
13506.755,0
17140.33,0
35408.566,0
6746.2905,0
7865.895,0
13531.268,0
10093.025,0
7706.1055,0
11811.277,0
13013.437,0
16140.691,0
18949.55,0
22342.83,0
9781.876,0
12586.272,0
10585.96,0
9614.562,0
16783.592,0
12492.819,0
12402.542,0
14998.126,0
22647.588,0
24284.436,0
10387.214,0
10079.351,0
11087.89,0
28957.412,0
11806.562,0
7632.8706,0
9853.407,0
9079.29,0
7842.598,0
14288.89,0
23343.67,0
10111.382,0
15575.611,0
14016.698,0
17245.475,0
11505.548,0
16060.401,0
8825.858,0
13396.6045,0
9387.659,0
17063.1,0
12241.703,0
13717.216,0
25326.19,0
11453.943,0
16173.663,0
10174.573,0
36816.707,0
30779.0,0
13353.325,0
10908.897,0
23415.455,0
10490.327,0
9412.557,0
12076.676,0
9288.836,0
16854.918,0
10600.034,0
13911.772,0
22816.307,0
11679.07,0
26931.959,0
8085.6333,0
9569.88,0
5156.774,0
8415.383,0
6857.026,0
7859.5337,0
20816.623,0
11197.798,0
15301.779,0
11452.148,0
11490.275,0
5834.235,0
11578.359,0
5819.394,0
12789.993,0
14425.015,0
25565.768,0
16284.186,0
40677.363,0
17901.303,0
13144.377,0
28936.674,0
15699.033,0
46617.93,0
18823.19,0
14639.267,0
30125.393,0
47499.418,0
13962.436,0
42606.152,0
22567.31,0
11591.373,0
31075.02,0
4868.44,0
12144.64,0
9706.349,0
23381.525,0
17222.232,0
9188.974,0
19584.068,0
11738.711,0
10128.685,0
23343.947,0
14852.981,0
23900.865,0
10222.819,0
3415.7383,0
10829.515,0
17010.607,0
37287.777,0
13839.304,0
7376.43,0
10794.192,0
11260.644,0
14036.445,0
11162.304,0
8556.726,0
12806.667,0
5275.811,0
13677.462,0
17134.309,0
8875.048,0
37443.59,0
19150.637,0
6670.8706,0
15090.64,0
34472.418,0
11832.487,0
15135.618,0
8246.468,0
21700.854,0
5440.6953,0
13556.375,0
11569.335,0
6144.6465,0
23272.877,0
23127.006,0
15961.11,0
12698.032,0
14165.308,0
7493.6294,0
8307.827,0
16560.926,0
11942.567,0
17308.734,0
35827.547,0
9314.964,0
11215.754,0
27025.943,0
17242.828,0
11804.42,0
14005.018,0
24248.398,0
35978.508,0
11126.343,0
14792.81,0
9655.327,0
17290.201,0
37428.168,0
19189.193,0
23661.0,0
16015.853,0
14311.876,0
13292.452,0
9525.243,0
14520.61,0
8223.944,0
31371.432,0
14752.9375,0
5144.47,0
22317.803,0
15539.244,0
21437.08,0
20045.186,0
31940.553,0
14107.445,0
11929.693,0
33368.152,0
18093.31,0
14714.957,0
8997.72,0
9798.339,0
11825.372,0
15812.307,0
8141.838,0
21304.09,0
14222.825,0
9281.769,0
15281.399,0
29431.955,0
32047.633,0
33448.266,0
8612.866,0
11248.235,0
20075.42,0
36598.42,0
8289.493,0
20119.814,0
11233.614,0
13406.411,0
27874.8,0
19066.955,0
9559.308,0
20292.768,0
11858.364,0
17750.139,0
12949.491,0
13745.022,0
38752.69,0
14794.165,0
8343.516,0
26417.018,0
14209.156,0
5764.0845,0
19558.209,0
10717.808,0
17983.127,0
11465.081,0
15644.207,0
21456.887,0
23600.72,0
30474.918,0
14587.388,0
24426.537,0
10719.881,0
35753.613,0
30756.217,0
20348.365,0
8749.653,0
56400.723,0
12478.87,0
29749.322,0
38443.895,0
17353.432,0
6501.219,0
10587.669,0
11090.364,0
17510.74,0
8006.732,0
12113.077,0
15848.431,0
29012.139,0
7915.403,0
11408.493,0
7756.0767,0
10781.302,0
24287.287,0
9795.962,0
19131.254,0
19802.229,0
13003.163,0
12588.216,0
11469.626,0
33759.73,0
11298.685,0
12606.39,0
30984.053,0
25160.59,0
10822.292,0
8872.569,0
45568.324,0
10985.292,0
10463.352,0
10741.384,0
7959.284,0
9821.647,0
7589.148,0
7771.5425,0
13070.13,0
17394.736,0
22941.104,0
13090.188,0
13038.679,0
8633.779,0
29521.35,0
13160.159,0
44879.773,0
26527.342,0
8909.171,0
11594.126,0
22824.309,0
21704.99,0
22471.492,0
12899.099,0
32762.541,0
27440.148,0
19764.22,0
40888.52,0
23612.842,0
19727.197,0
12362.4795,0
15746.729,0
59162.355,0
8477.718,0
15719.281,0
10598.616,0
16327.099,0
33393.184,0
15282.734,0
15373.93,0
47257.16,0
11756.958,0
22307.604,0
12270.295,0
20677.955,0
33824.887,0
11888.933,0
7922.5522,0
21143.893,0
38724.848,0
12824.649,0
17327.19,0
42155.164,0
5303.389,0
42534.598,0
38131.906,0
33121.55,0
7373.884,0
25815.246,0
7864.125,0
17114.773,0
15443.393,0
9654.976,0
10950.501,0
27284.35,0
12490.329,0
24709.63,0
22244.6,0
12176.94,0
12307.409,0
9634.88,0
42538.535,0
23759.473,0
6779.1987,0
38782.926,0
5536.3677,0
11513.04,0
53872.074,0
17118.674,0
12794.1875,0
9987.433,0
21454.229,0
12991.833,0
9474.159,0
14930.609,0
15410.177,0
8885.241,0
41314.543,0
8281.78,0
18215.807,0
22455.092,0
19136.834,0
16625.432,0
25337.021,0
14723.901,0
36032.95,0
5143.8496,0
6964.2236,0
9335.061,0
11877.155,0
22936.705,0
14325.154,0
28339.355,0
20267.385,0
17280.955,0
28692.947,0
14093.421,0
12254.038,0
8636.054,0
9571.053,0
9586.365,0
9344.338,0
28331.373,0
29161.74,0
11435.164,0
12390.083,0
15702.765,0
38499.48,0
19355.096,0
10402.803,0
10547.32,0
14280.14,0
20131.46,0
8280.212,0
8333.783,0
3678.9402,0
8634.753,0
12748.206,0
23078.662,0
26279.186,0
14362.006,0
8619.901,0
10764.763,0
18982.166,0
10442.214,0
12129.177,0
15489.974,0
33859.51,0
49961.25,0
19392.432,0
14190.45,0
28817.295,0
18590.037,0
7793.3804,0
33390.38,0
13931.931,0
23726.867,0
20999.502,0
11960.56,0
45355.63,0
15352.236,0
16150.464,0
12941.349,0
48337.645,0
13286.028,0
14110.022,0
8623.065,0
54031.97,0
11750.733,0
13556.835,0
20502.123,0
17480.4,0
11242.261,0
20589.947,0
14558.446,0
36094.77,0
7225.898,0
10970.968,0
18767.287,0
29121.096,0
24005.928,0
24667.443,0
19348.635,0
5714.9194,0
14711.31,0
45618.75,0
15581.477,0
27948.564,0
17787.111,0
9647.9795,0
12493.593,0
5790.986,0
11319.376,0
12754.972,0
12653.561,0
18996.064,0
9896.674,0
20416.72,0
15569.009,0
5845.4927,0
34879.645,0
10141.087,0
8319.919,0
14186.929,0
17026.299,0
6866.1,0
14027.728,0
14303.513,0
31682.479,0
5721.65,0
10144.849,0
11747.038,0
11596.62,0
8655.632,0
62012.008,0
16599.275,0
13360.84,0
49274.023,0
18056.69,0
12193.014,0
7661.0034,0
12988.308,0
13271.961,0
9485.405,0
24466.4,0
7427.422,0
12809.4795,0
22245.467,0
10634.262,0
11815.119,0
54230.67,0
6088.5786,0
15904.348,0
27607.33,0
18842.307,0
26451.963,0
11559.7705,0
10546.722,0
10006.581,0
16918.705,0
13347.81,0
44356.76,0
50129.81,0
43061.906,0
17154.559,0
9793.589,0
19320.951,0
18743.867,0
18410.76,0
10819.223,0
15571.859,0
32386.156,0
5294.526,0
11756.406,0
60729.94,0
14331.417,0
23376.85,0
18598.705,0
12255.473,0
7291.8545,0
6706.6836,0
14909.922,0
28537.611,0
8870.117,0
14771.417,0
10965.86,0
11634.511,0
11802.517,0
18457.498,0
17862.166,0
22208.193,0
21974.135,0
11165.073,0
11427.265,0
17926.057,0
14402.399,0
10411.409,0
11416.372,0
28313.209,0
11333.853,0
9348.417,0
16822.863,0
18890.527,0
13501.575,0
10407.06,0
9383.239,0
5923.696,0
9188.341,0
22623.08,0
30329.184,0
19770.4,0
24242.48,0
12565.119,0
10137.15,0
13725.793,0
19926.084,0
43000.383,0
9268.256,0
10957.423,0
7045.929,0
12770.423,0
19164.125,0
13197.066,0
7328.8955,0
32762.541,0
28043.293,0
12647.518,0
7132.947,0
14957.433,0
38933.582,0
18758.145,0
37074.777,0
53383.676,0
8139.719,0
14310.866,0
14156.1455,0
12166.437,0
10359.285,0
10748.328,0
42996.56,0
17213.346,0
21174.662,0
23685.342,0
10143.511,0
15944.108,0
7893.0483,0
13390.741,0
17195.771,0
10348.811,0
5352.2437,0
23628.934,0
12374.784,0
23464.178,0
20766.143,0
12771.829,0
24906.635,0
8266.159,0
13592.474,0
16835.67,0
17415.639,0
39782.523,0
16512.172,0
7370.627,0
8458.37,0
13008.593,0
17522.193,0
15725.885,0
20362.4,0
10899.195,0
10856.501,0
19345.01,0
36985.85,0
22188.69,0
13623.354,0
25266.18,0
11422.411,0
5951.4927,0
9717.446,0
7437.117,0
13269.757,0
37804.555,0
14090.558,0
12740.009,0
9554.36,0
9554.36,0
27757.412,0
21659.428,0
44366.97,0
8491.172,0
15705.116,0
12344.756,0
15229.351,0
20714.72,0
15881.427,0
9319.5205,0
9217.523,0
9810.126,0
7328.731,0
15149.084,0
9193.796,0
10028.437,0
11682.112,0
7690.841,0
2851.2783,0
11659.777,0
18966.871,0
9572.345,0
19847.072,0
24474.654,0
7664.1636,0
15758.408,0
7563.032,0
13082.6875,0
29026.422,0
28122.354,0
14318.793,0
18401.447,0
12145.414,0
15347.687,0
5621.268,0
30723.299,0
23422.78,0
16255.335,0
20285.623,0
8785.444,0
8986.595,0
20765.361,0
16600.338,0
15796.472,0
21055.363,0
17783.482,0
16419.37,0
14185.097,0
12077.186,0
12196.503,0
10764.935,0
9208.511,0
12099.452,0
79127.35,0
18696.504,0
8527.866,0
6872.257,0
18266.615,0
16613.08,0
8436.032,0
5684.8364,0
17596.076,0
17236.428,0
10963.099,0
36782.12,0
16450.857,0
9904.497,0
9252.226,0
10066.255,0
9895.463,0
81936.766,0
8047.194,0
13234.662,0
7895.3657,0
4634.397,0
33429.26,0
7165.2915,0
12783.64,0
13093.824,0
25316.58,0
7480.19,0
12270.292,0
22593.271,0
10638.073,0
18429.207,0
11672.454,0
18962.143,0
19165.564,0
25362.38,0
48908.723,0
12822.244,0
11798.12,0
25724.861,0
50690.05,0
9902.905,0
12858.595,0
26979.592,0
6487.5366,0
33598.23,0
40912.66,0
8718.718,0
14122.911,0
16076.374,0
24140.521,0
8817.43,0
22600.105,0
11145.12,0
12728.168,0
22838.771,0
9559.898,0
23932.658,0
12450.88,0
13970.382,0
11467.786,0
23992.178,0
9493.833,0
13917.9795,0
16954.19,0
15682.145,0
16164.08,0
20872.994,0
13229.853,0
18620.668,0
10491.054,0
25779.48,0
13452.676,0
18963.342,0
36627.113,0
83483.516,0
33901.69,0
28338.04,0
8584.628,0
16127.155,0
15851.455,0
2996.4292,0
51561.848,0
8821.9795,0
53143.098,0
16888.928,0
7508.683,0
8402.948,0
13102.477,0
34055.707,0
8684.313,0
26241.969,0
13129.935,0
11170.417,0
14156.766,0
10423.013,0
5585.057,0
8907.692,0
33279.285,0
11838.423,0
9566.426,0
6645.6606,0
7372.613,0
17897.432,0
21672.494,0
17613.057,0
13453.696,0
28302.906,0
7354.854,0
20771.934,0
11734.265,0
8085.4106,0
7426.629,0
21816.584,0
8656.738,0
29250.639,0
14539.909,0
12005.618,0
16616.193,0
3528.7783,0
26661.662,0
19640.633,0
10000.269,0
27146.264,0
6791.9937,0
6546.905,0
44271.45,0
13749.261,0
22487.744,0
23565.91,0
13792.588,0
13423.944,0
10981.409,0
15597.342,0
13828.132,0
9859.614,0
24211.06,0
7986.4736,0
51379.12,0
37232.51,0
11711.616,0
35673.6,0
16092.982,0
21168.688,0
15532.082,0
15852.609,0
13112.233,0
6569.8237,0
22809.432,0
6257.9077,0
9052.663,0
9100.419,0
15599.844,0
18203.1,0
15297.718,0
6983.878,0
5220.6494,0
11422.243,0
11435.641,0
12216.794,0
19975.768,0
21885.088,0
20104.975,0
21846.365,0
19632.227,0
33932.895,0
16047.423,0
25809.264,0
20795.9,0
10276.081,0
13447.411,0
18538.332,0
43635.844,0
29542.018,0
11577.901,0
6396.636,0
5491.115,0
5398.0835,0
8439.05,0
10142.817,0
13865.569,0
9765.5205,0
35341.793,0
19986.734,0
31054.684,0
13453.696,0
68462.05,0
8765.159,0
10118.046,0
5053.305,0
8378.927,0
18250.3,0
45666.02,0
45471.668,0
9872.453,0
34397.707,0
7371.481,0
33423.5,0
12646.976,0
22348.213,0
8630.196,0
43533.2,0
8955.526,0
17236.229,0
15825.198,0
13168.424,0
18427.24,0
34121.934,0
43108.434,0
10754.16,0
9853.501,0
6701.189,0
9733.253,0
24068.314,0
10637.9795,0
16712.264,0
46577.363,0
19957.564,0
7512.515,0
11308.857,0
10233.231,0
16929.725,0
15260.546,0
8611.887,0
7453.5947,0
8273.806,0
18815.318,0
16968.729,0
22887.373,0
11464.314,0
7105.656,0
17298.893,0
16204.516,0
14251.862,0
11366.925,0
19323.104,0
17319.104,0
43660.246,0
21899.303,0
16638.229,0
22627.717,0
13216.321,0
13291.25,0
35493.215,0
5936.479,0
13114.598,0
16536.617,0
12050.7705,0
3742.3223,0
14315.187,0
8315.491,0
18346.63,0
22792.037,0
38591.98,0
24374.031,0
9724.046,0
20960.38,0
35956.527,0
36673.133,0
36533.82,0
35818.113,0
13686.257,0
39449.965,0
11684.741,0
7573.1045,0
45427.43,0
7537.774,0
5079.9624,0
8988.753,0
11399.524,0
15910.093,0
17357.418,0
18126.133,0
19212.318,0
19571.805,0
14575.749,0
13842.099,0
25132.209,0
14076.449,0
10059.492,0
8446.333,0
14189.419,0
7925.1606,0
11206.484,0
20745.955,0
9568.118,0
5823.375,0
19973.064,0
7925.1606,0
18260.994,0
15240.375,0
19664.68,0
12201.478,0
23356.809,0
10469.638,0
5288.677,0
13412.676,0
44765.3,0
5039.076,0
5665.3975,0
8320.962,0
18822.193,0
9610.966,0
8352.473,0
20293.053,0
7749.3975,0
46190.38,0
11583.913,0
13764.751,0
14065.241,0
16610.99,0
11398.902,0
8411.804,0
7579.9272,0
5206.94,0
4412.772,0
8998.665,0
16639.162,0
14334.327,0
5957.2397,0
31369.941,0
33199.668,0
9125.802,0
11382.519,0
15528.388,0
11622.462,0
10035.046,0
12352.562,0
10789.216,0
14083.157,0
55386.414,0
62060.707,0
18066.074,0
8135.7285,0
14269.994,0
12560.687,0
18415.846,0
20429.389,0
16183.03,0
15924.143,0
13796.744,0
16476.414,0
15005.377,0
11601.12,0
6478.8164,0
19223.744,0
8399.49,0
18861.408,0
25301.31,0
8306.867,0
10056.267,0
18344.117,0
8096.9346,0
18012.604,0
15951.763,0
5529.0786,0
91896.305,0
11635.155,0
56234.55,0
11380.103,0
7262.354,0
8272.818,0
16864.162,0
10145.491,0
10118.835,0
6205.556,0
4927.6147,0
24104.93,0
11493.643,0
5585.699,0
11830.224,0
24815.01,0
48766.285,0
33660.574,0
17755.678,0
13058.515,0
19744.162,0
11565.464,0
27269.717,0
16142.591,0
5554.062,0
7831.179,0
14673.968,0
14672.251,0
11537.067,0
17981.867,0
33218.652,0
31797.709,0
13741.091,0
13984.614,0
16248.106,0
5653.4995,0
8384.249,0
22651.33,0
26341.955,0
15486.187,0
17709.615,0
16427.504,0
26527.256,0
17294.834,0
14046.256,0
26919.848,0
35493.426,0
42214.348,0
20738.832,0
